{"closes": [1123.71, 1123.75, 1120.65, 1119.99, 1116.11, 1115.18, 1110.58, 1104.37, 1112.53, 1114.42, 1113.47, 1111.17, 1105.83, 1110.73, 1106.38, 1108.13, 1108.98, 1110.41, 1109.37, 1107.92, 1104.07, 1105.83, 1105.51, 1103.24, 1102.01, 1095.0, 1098.6, 1101.41, 1095.54, 1089.47, 1092.43, 1090.72, 1091.67, 1089.48, 1082.84, 1087.99, 1088.23, 1092.66, 1097.15, 1099.61, 1102.65, 1105.07, 1109.55, 1104.39, 1101.99, 1105.6, 1105.56, 1106.61, 1107.28, 1113.24, 1111.64, 1109.55, 1108.47], "highs": [1125.21, 1124.0, 1123.46, 1120.53, 1119.98, 1117.26, 1116.07, 1111.23, 1113.72, 1114.42, 1116.18, 1113.83, 1111.57, 1111.39, 1113.04, 1110.31, 1111.52, 1112.14, 1111.03, 1111.07, 1107.64, 1109.58, 1108.49, 1105.79, 1103.05, 1104.46, 1100.51, 1103.55, 1101.01, 1097.13, 1092.43, 1095.51, 1093.99, 1094.0, 1089.0, 1091.1, 1089.29, 1093.82, 1097.93, 1099.83, 1103.21, 1106.29, 1110.71, 1110.0, 1106.79, 1106.58, 1106.42, 1106.61, 1108.32, 1113.62, 1113.9, 1111.73, 1111.0], "lows": [1122.96, 1122.78, 1119.19, 1118.0, 1115.38, 1115.01, 1110.0, 1100.0, 1104.53, 1110.52, 1112.67, 1110.01, 1104.98, 1102.71, 1105.34, 1106.54, 1108.15, 1109.12, 1107.32, 1107.79, 1100.0, 1103.97, 1103.37, 1103.0, 1101.07, 1095.0, 1095.0, 1097.84, 1091.09, 1089.47, 1089.0, 1089.54, 1089.41, 1089.05, 1082.32, 1082.35, 1085.67, 1087.79, 1090.04, 1094.76, 1098.1, 1100.61, 1104.7, 1100.06, 1101.44, 1101.26, 1103.83, 1104.14, 1105.01, 1107.11, 1111.27, 1108.89, 1108.0], "rsi": [NaN, NaN, NaN, NaN, NaN, NaN, NaN, NaN, NaN, NaN, NaN, NaN, NaN, NaN, 31.684633269922024, 34.301752849749235, 35.59240091079648, 37.80602641895729, 36.81502533571773, 35.42093022374673, 31.960297395598257, 35.082725590755246, 34.77029009994424, 32.555407397390425, 31.388654068451245, 25.72914394826013, 32.46375083848051, 37.24693667248536, 32.12799271891884, 27.863556390555573, 32.56418921048688, 31.295451340550688, 32.86047911597785, 31.10164411636516, 26.474730388278022, 34.601195858374545, 34.96195822009878, 41.38895452714318, 47.0953484694568, 49.969380549221185, 53.342577191467186, 55.892042975493425, 60.22501421179215, 53.6836642320593, 50.91371696099486, 54.69996073755986, 54.64966011464867, 55.79870071738245, 56.55512175751031, 62.674294707096145, 60.22202678263716, 57.080250071174774, 55.46983085964497], "macd": [NaN, NaN, NaN, NaN, NaN, NaN, NaN, NaN, NaN, NaN, NaN, NaN, NaN, NaN, NaN, NaN, NaN, NaN, NaN, NaN, NaN, NaN, NaN, NaN, NaN, NaN, NaN, NaN, NaN, NaN, NaN, NaN, NaN, -6.500867429734626, -7.062579153164052, -7.011355242424315, -6.872175765435486, -6.3314263089293945, -5.477432560282978, -4.549688938861664, -3.5284688487010953, -2.4951087342028586, -1.2996829039354907, -0.7599084454191143, -0.5198012947817006, -0.0377822873617788, 0.33710761631323294, 0.7107437788356492, 1.0488263132467637, 1.7771949505975044, 2.1999658778597677, 2.3394021783888093, 2.335833443152069]}